City,Lat,Lng,Max Temp,Humidity,Cloudiness,Wind Speed,Country,Date
bengkulu,-3.8004,102.2655,84.67,68,18,5.37,ID,1681875412
carnarvon,-24.8667,113.6333,83.93,31,31,12.95,AU,1681875420
punta arenas,-53.15,-70.9167,48.31,87,40,10.36,CL,1681875396
acapulco,16.8634,-99.8901,82.22,78,0,3.44,MX,1681875474
kaputa,-8.4689,29.6619,67.3,91,100,4.12,ZM,1681875474
port elizabeth,-33.918,25.5701,65.32,97,40,9.22,ZA,1681875396
jalu,29.0331,21.5482,58.84,59,84,14.7,LY,1681875474
busselton,-33.65,115.3333,67.96,41,0,7.0,AU,1681875413
cape town,-33.9258,18.4232,65.12,79,0,4.61,ZA,1681875412
albany,42.6001,-73.9662,41.41,77,81,1.01,US,1681875251
ushuaia,-54.8,-68.3,42.46,81,75,5.75,AR,1681875263
qaanaaq,77.484,-69.3632,0.03,66,0,7.43,GL,1681875325
hervey bay,-25.2986,152.8535,79.02,67,23,18.43,AU,1681875475
hithadhoo,-0.6,73.0833,83.91,70,100,6.15,MV,1681875397
manta,-0.95,-80.7333,80.38,78,40,2.3,EC,1681875403
klagenfurt,46.6247,14.3053,48.13,54,75,5.01,AT,1681875475
kapaa,22.0752,-159.319,71.92,92,100,19.57,US,1681875333
katsuura,35.1333,140.3,70.23,68,20,13.87,JP,1681875234
matara,5.9485,80.5353,86.95,65,65,5.84,LK,1681875476
yellowknife,62.456,-114.3525,37.92,48,20,10.36,CA,1681875291
boddam,57.4667,-1.7833,41.43,79,45,8.59,GB,1681875476
avarua,-21.2078,-159.775,73.45,94,100,13.8,CK,1681875424
anito,12.4497,125.2886,84.07,78,52,8.14,PH,1681875477
hilo,19.7297,-155.09,78.28,83,75,10.36,US,1681875213
uglovskoye,51.3557,80.1942,26.44,83,100,11.07,RU,1681875477
chernaya kholunitsa,58.8511,51.7154,38.61,68,12,6.17,RU,1681875477
faya,18.3851,42.4509,55.92,56,0,1.59,SA,1681875418
sibolga,1.7427,98.7792,86.0,67,36,4.63,ID,1681875414
khatanga,71.9667,102.5,5.02,89,87,1.68,RU,1681875451
dikson,73.5069,80.5464,15.33,93,100,12.62,RU,1681875372
rikitea,-23.1203,-134.9692,78.84,71,23,13.58,PF,1681875478
luderitz,-26.6481,15.1594,65.14,56,3,4.32,NA,1681875413
la ronge,55.1001,-105.2842,30.45,69,100,9.22,CA,1681875478
torbay,47.6666,-52.7314,31.57,93,100,14.97,CA,1681875347
hobart,-42.8794,147.3294,58.86,64,20,16.11,AU,1681875415
batemans bay,-35.7167,150.1833,68.09,50,1,7.7,AU,1681875478
kingisepp,59.3733,28.6134,34.57,89,51,8.9,RU,1681875479
butaritari,3.0707,172.7902,82.83,78,84,12.06,KI,1681875334
ilulissat,69.2167,-51.1,24.82,86,100,8.05,GL,1681875405
chokurdakh,70.6333,147.9167,15.12,91,100,8.08,RU,1681875416
husavik,66.0449,-17.3389,41.52,87,89,15.41,IS,1681875399
pevek,69.7008,170.3133,28.67,80,100,10.69,RU,1681875447
poum,-20.2333,164.0167,78.96,73,6,15.21,NC,1681875479
grindavik,63.8424,-22.4338,49.95,100,100,8.05,IS,1681875480
bay roberts,47.5999,-53.2648,31.14,88,100,5.01,CA,1681875480
mataura,-46.1927,168.8643,60.17,60,42,1.48,NZ,1681875405
alofi,-19.0595,-169.9187,78.69,82,100,6.91,NU,1681875480
gamba,-2.65,10.0,78.31,91,100,4.7,GA,1681875368
fairbanks,64.8378,-147.7164,30.6,55,75,9.22,US,1681875308
cabinda,-5.55,12.2,78.94,94,0,4.61,AO,1681875481
nikolskoye,59.7035,30.7861,37.29,88,83,8.7,RU,1681875419
vaini,-21.2,-175.2,78.96,83,75,20.71,TO,1681875420
tuatapere,-46.1333,167.6833,59.14,65,2,3.96,NZ,1681875427
nemuro,43.3236,145.575,41.22,79,100,4.63,JP,1681875405
tukrah,32.5341,20.5791,57.61,77,14,7.81,LY,1681875481
mar del plata,-38.0023,-57.5575,55.09,93,100,5.99,AR,1681875194
puerto ayora,-0.7393,-90.3518,76.55,100,100,0.67,EC,1681875396
big rapids,43.6981,-85.4837,35.67,75,0,4.61,US,1681875482
san policarpo,12.1791,125.5072,82.9,81,23,6.91,PH,1681875482
hermanus,-34.4187,19.2345,55.8,72,74,6.15,ZA,1681875397
severo-kurilsk,50.6789,156.125,33.01,98,100,19.44,RU,1681875482
aranos,-24.1333,19.1167,64.54,37,22,12.26,NA,1681875483
arraial do cabo,-22.9661,-42.0278,74.34,90,100,7.14,BR,1681875415
guerrero negro,27.9769,-114.0611,56.82,81,94,18.66,MX,1681875483
lyambir,54.2817,45.1249,48.09,50,18,0.54,RU,1681875483
belyy yar,53.6039,91.3903,22.89,50,0,2.24,RU,1681875484
tautira,-17.7333,-149.15,82.51,76,55,15.23,PF,1681875440
tiksi,71.6872,128.8694,8.1,91,100,6.38,RU,1681875409
olafsvik,64.8945,-23.7142,44.67,97,100,6.42,IS,1681875436
kargasok,59.0556,80.8572,17.65,80,99,12.01,RU,1681875484
saint-philippe,-21.3585,55.7679,74.79,80,20,13.13,RE,1681875434
barrow,71.2906,-156.7887,1.42,71,0,10.36,US,1681875414
sechura,-5.5569,-80.8222,80.53,69,50,10.54,PE,1681875485
hasaki,35.7333,140.8333,77.4,67,65,9.91,JP,1681875399
swellendam,-34.0226,20.4417,58.77,77,73,2.13,ZA,1681875485
egvekinot,66.3167,-179.1667,23.76,94,100,6.87,RU,1681875485
zhigansk,66.7697,123.3711,19.13,87,96,9.69,RU,1681875485
santander,43.4647,-3.8044,50.47,92,37,3.0,ES,1681875286
vila do maio,15.1333,-23.2167,72.39,80,96,16.6,CV,1681875486
magadan,59.5667,150.8,33.08,84,100,10.65,RU,1681875486
thompson,55.7435,-97.8558,26.76,46,75,10.36,CA,1681875423
inhambane,-23.865,35.3833,64.38,94,20,3.44,MZ,1681875486
victor rosales,22.95,-102.7,68.09,24,0,13.27,MX,1681875486
geraldton,-28.7667,114.6,81.01,32,0,20.71,AU,1681875450
agawam,42.0695,-72.6148,49.82,48,100,8.05,US,1681875487
kaitangata,-46.2817,169.8464,57.4,73,97,4.07,NZ,1681875343
mahebourg,-20.4081,57.7,79.25,89,40,10.36,MU,1681875355
ciudad bolivar,8.1222,-63.5497,81.41,58,77,12.55,VE,1681875488
suzun,53.7841,82.3116,26.98,40,0,6.38,RU,1681875488
yashkul,46.1711,45.3435,51.17,54,100,18.05,RU,1681875488
tuktoyaktuk,69.4541,-133.0374,6.8,78,75,8.05,CA,1681875404
gorin,51.1983,136.6669,56.32,36,39,4.41,RU,1681875488
upata,8.0086,-62.3989,75.2,82,59,5.73,VE,1681875488
bambous virieux,-20.3428,57.7575,79.21,89,40,10.36,MU,1681875462
bredasdorp,-34.5322,20.0403,56.93,85,59,4.92,ZA,1681875254
pirenopolis,-15.8525,-48.9592,72.09,94,100,1.63,BR,1681875489
mount isa,-20.7333,139.5,78.57,50,100,6.91,AU,1681875335
victoria,22.2855,114.1577,75.94,95,22,1.01,HK,1681875236
korla,41.7597,86.1469,51.78,38,100,16.11,CN,1681875225
charters towers,-20.1,146.2667,85.59,38,1,9.01,AU,1681875489
broken hill,-31.95,141.4333,67.26,47,10,19.01,AU,1681875489
howard springs,-12.497,131.047,85.82,42,96,6.13,AU,1681875489
hamilton,39.1834,-84.5333,50.9,67,75,0.0,US,1681875330
shizunai,42.3339,142.3669,44.76,85,99,4.12,JP,1681875352
asansol,23.6833,86.9833,96.48,9,7,6.62,IN,1681875273
cozumel,20.5083,-86.9458,76.95,74,0,5.99,MX,1681875260
half moon bay,37.4636,-122.4286,52.18,71,20,11.5,US,1681875490
klaksvik,62.2266,-6.589,45.52,88,34,14.61,FO,1681875439
trincomalee,8.5711,81.2335,84.47,68,26,6.73,LK,1681875491
ambulu,-8.345,113.6058,85.64,69,12,5.91,ID,1681875461
novyy urengoy,66.0833,76.6333,13.69,87,86,11.39,RU,1681875491
bluff,-46.6,168.3333,56.25,65,13,1.36,NZ,1681875330
coahuayana,18.7333,-103.6833,71.49,82,45,1.54,MX,1681875491
sambava,-14.2667,50.1667,76.08,89,23,8.48,MG,1681875491
kokkola,63.8385,23.1307,30.92,93,0,2.3,FI,1681875492
lagoa,39.05,-27.9833,58.06,72,76,20.65,PT,1681875454
kutulik,53.3508,102.7839,31.91,33,31,11.34,RU,1681875492
codrington,-38.2667,141.9667,57.97,55,86,14.38,AU,1681875460
castelo branco,39.8222,-7.4909,55.0,55,61,3.65,PT,1681875493
akdepe,42.0551,59.3788,46.49,18,5,15.86,TM,1681875493
sao filipe,14.8961,-24.4956,73.02,79,100,7.2,CV,1681875452
lebu,-37.6167,-73.65,55.81,89,100,2.17,CL,1681875450
faanui,-16.4833,-151.75,82.94,75,62,13.44,PF,1681875406
kruisfontein,-34.0033,24.7314,57.88,82,40,4.68,ZA,1681875494
hirado,33.3597,129.5531,65.16,92,100,11.32,JP,1681875494
concepcion,-36.827,-73.0498,53.4,87,99,3.44,CL,1681875494
hargeysa,9.56,44.065,72.43,45,18,11.14,SO,1681875494
turayf,31.6725,38.6637,61.05,67,20,6.91,SA,1681875495
mayo,38.8876,-76.5119,54.12,54,0,9.22,US,1681875495
longyearbyen,78.2186,15.6401,31.84,86,75,20.71,SJ,1681875405
castro,-24.7911,-50.0119,59.38,96,98,9.82,BR,1681875401
ponta do sol,32.6667,-17.1,63.72,72,17,6.67,PT,1681875457
jamestown,42.097,-79.2353,36.72,95,100,6.91,US,1681875346
atuona,-9.8,-139.0333,81.07,74,33,14.23,PF,1681875343
buraydah,26.326,43.975,64.85,62,44,2.26,SA,1681875496
abu kamal,34.4506,40.9171,72.99,22,3,8.52,SY,1681875461
port alfred,-33.5906,26.891,67.23,84,29,11.01,ZA,1681875496
lavrentiya,65.5833,-171.0,25.65,92,72,5.32,RU,1681875369
xining,36.6167,101.7667,74.5,16,48,8.9,CN,1681875496
sitka,57.0531,-135.33,48.09,49,0,3.44,US,1681875496
westport,41.1415,-73.3579,48.27,55,100,10.36,US,1681875328
juba,4.8517,31.5825,73.49,78,65,4.7,SS,1681875497
new norfolk,-42.7826,147.0587,58.5,56,57,10.67,AU,1681875418
airai,-8.9266,125.4092,66.43,87,79,2.51,TL,1681875415
chuy,-33.6971,-53.4616,50.47,67,40,11.83,UY,1681875432
ribeira grande,38.5167,-28.7,58.77,82,75,20.0,PT,1681875397
fuerte olimpo,-21.0415,-57.8738,67.71,97,89,4.27,PY,1681875498
the pas,53.8251,-101.2541,33.82,44,100,5.75,CA,1681875498
pisco,-13.7,-76.2167,71.65,83,0,2.3,PE,1681875416
broome,42.2506,-75.833,36.01,80,40,5.01,US,1681875349
mildura,-34.2,142.15,67.06,48,0,15.64,AU,1681875453
hibbing,47.4272,-92.9377,42.15,25,20,8.05,US,1681875499
tessalit,20.1986,1.0114,78.19,9,84,8.25,ML,1681875440
agadir,30.4202,-9.5982,64.85,88,74,2.39,MA,1681875499
lompoc,34.6391,-120.4579,52.02,78,20,16.11,US,1681875443
souillac,-20.5167,57.5167,79.18,89,40,10.36,MU,1681875328
ereymentau,51.6199,73.1033,25.48,83,59,5.41,KZ,1681875500
kahului,20.8947,-156.47,78.82,71,20,13.8,US,1681875444
flinders,-34.5833,150.8552,80.19,56,46,4.0,AU,1681875500
seoul,37.5683,126.9778,74.59,41,0,5.75,KR,1681875443
vizinga,61.0749,50.1031,35.98,77,16,3.27,RU,1681875500
esperance,-33.8667,121.9,64.56,47,34,3.76,AU,1681875452
nampula,-15.1165,39.2666,63.81,98,93,4.0,MZ,1681875500
kavieng,-2.5744,150.7967,83.12,70,59,5.37,PG,1681875429
alakurtti,66.9672,30.3491,32.83,97,100,6.08,RU,1681875501
kavaratti,10.5669,72.642,83.53,69,10,4.09,IN,1681875501
haukipudas,65.1765,25.3523,30.04,78,97,7.18,FI,1681875501
kadnikov,59.5022,40.338,37.78,81,82,7.7,RU,1681875501
haines junction,60.7522,-137.5108,31.95,64,100,10.36,CA,1681875425
tasiilaq,65.6145,-37.6368,35.76,98,100,11.63,GL,1681875412
puerto leguizamo,-0.1934,-74.7819,72.91,95,91,2.44,CO,1681875502
padang,-0.9492,100.3543,86.05,68,51,5.06,ID,1681875502
verkhnevilyuysk,63.4453,120.3167,28.54,85,89,5.57,RU,1681875377
talnakh,69.4865,88.3972,11.21,85,13,5.57,RU,1681875416
hami,42.8,93.45,55.47,19,100,21.3,CN,1681875502
taltal,-25.4,-70.4833,64.96,74,0,4.52,CL,1681875503
mehamn,71.0357,27.8492,40.95,93,40,21.85,NO,1681875451
urumqi,43.801,87.6005,38.35,65,20,2.24,CN,1681875503
aksarka,66.5606,67.7975,17.42,76,42,5.55,RU,1681875459
east london,-33.0153,27.9116,61.74,100,75,3.44,ZA,1681875424
portland,45.5234,-122.6762,43.99,92,99,1.99,US,1681875288
cidreira,-30.1811,-50.2056,63.18,60,16,14.97,BR,1681875429
bubaque,11.2833,-15.8333,78.06,73,51,8.79,GW,1681875462
remanso,-9.6179,-42.0831,78.44,63,100,6.85,BR,1681875504
zaysan,47.4667,84.8667,40.37,26,6,5.7,KZ,1681875504
mariental,-24.6333,17.9667,69.6,40,31,9.13,NA,1681875504
nara,34.6851,135.8049,65.91,78,100,6.11,JP,1681875505
pangnirtung,66.1451,-65.7125,-0.96,77,7,7.0,CA,1681875325
shenjiamen,29.9576,122.298,60.15,98,100,6.82,CN,1681875505
ternuvate,47.8305,36.1276,47.23,81,89,11.56,UA,1681875505
cunha,-23.0744,-44.9597,64.42,99,100,4.54,BR,1681875505
yeppoon,-23.1333,150.7333,83.98,51,0,9.69,AU,1681875505
totness,5.8833,-56.3167,76.48,84,81,6.71,SR,1681875505
ahipara,-35.1667,173.1667,70.12,87,72,9.78,NZ,1681875426
tocopilla,-22.092,-70.1979,67.12,76,23,6.87,CL,1681875506
surgut,61.25,73.4167,19.58,67,0,11.18,RU,1681875506
khash,28.2211,61.2158,62.13,51,1,1.48,IR,1681875506
svetlaya,46.5389,138.3297,44.85,69,22,13.49,RU,1681875506
saldanha,-33.0117,17.9442,51.85,74,56,4.16,ZA,1681875439
fare,-16.7,-151.0167,82.45,76,98,15.46,PF,1681875507
puerto madero,14.7208,-92.4215,79.0,100,20,0.0,MX,1681875507
sinop,41.7711,34.8709,53.31,79,36,5.79,TR,1681875507
kiboga,0.9161,31.7742,60.21,98,61,2.98,UG,1681875507
acari,-15.4311,-74.6158,70.56,79,29,1.77,PE,1681875507
monrovia,6.3005,-10.7969,78.57,83,88,2.95,LR,1681875182
margate,51.3813,1.3862,49.89,83,72,4.0,GB,1681875508
ziro,27.6333,93.8333,59.74,45,10,2.19,IN,1681875365
santiago del estero,-27.7951,-64.2615,66.02,68,0,5.1,AR,1681875413
aklavik,68.2191,-135.0107,10.33,94,100,7.74,CA,1681875441
mirnyy,62.5353,113.9611,30.24,28,51,7.0,RU,1681875508
conceicao do araguaia,-8.2578,-49.2647,72.91,96,97,3.8,BR,1681875508
hualmay,-11.0964,-77.6139,74.37,83,82,9.78,PE,1681875509
almaznyy,48.0448,40.045,44.33,70,82,13.24,RU,1681875509
cheney,47.4874,-117.5758,42.82,52,40,9.22,US,1681875392
college,64.8569,-147.8028,30.58,55,75,9.22,US,1681875510
gao,16.6362,1.637,79.09,7,3,10.56,ML,1681875510
tezu,27.9167,96.1667,97.93,20,4,4.79,IN,1681875510
hofn,64.2539,-15.2082,45.88,95,61,2.15,IS,1681875381
jadu,31.953,12.0261,55.51,37,3,13.98,LY,1681875511
vao,-22.6667,167.4833,78.12,75,19,14.41,NC,1681875422
naze,28.3667,129.4833,70.72,87,100,13.87,JP,1681875365
saiha,22.4833,92.9667,95.47,23,0,4.23,IN,1681875511
port hedland,-20.3167,118.5667,89.65,19,14,23.02,AU,1681875511
iqaluit,63.7506,-68.5145,1.13,84,75,5.75,CA,1681875512
provideniya,64.3833,-173.3,28.51,80,100,8.99,RU,1681875444
olhao,37.0286,-7.8411,63.09,71,0,9.22,PT,1681875512
leningradskiy,69.3833,178.4167,33.35,88,100,3.8,RU,1681875370
kyrnasivka,48.5955,28.979,45.14,92,99,7.09,UA,1681875512
staryy nadym,65.6118,72.6842,19.92,67,86,2.55,RU,1681875512
washington,47.5001,-120.5015,40.15,79,54,5.19,US,1681875359
kodiak,57.79,-152.4072,42.31,39,0,9.22,US,1681875195
upernavik,72.7868,-56.1549,1.72,99,100,2.08,GL,1681875356
nueva guinea,11.6876,-84.4562,68.4,95,64,5.97,NI,1681875513
sabang,5.8933,95.3214,83.68,74,35,13.49,ID,1681875513
marrakesh,31.6315,-8.0083,60.87,82,40,12.66,MA,1681875513
tazmalt,36.3868,4.3989,53.56,66,64,3.0,DZ,1681875514
novoilinsk,51.6829,108.7143,31.39,36,61,17.54,RU,1681875514
raudeberg,61.9875,5.1352,41.86,75,90,9.4,NO,1681875514
kurchum,48.5722,83.6542,36.41,41,100,8.28,KZ,1681875514
evensk,61.95,159.2333,33.33,86,100,33.33,RU,1681875514
hoquiam,46.9809,-123.8893,42.78,92,100,3.0,US,1681875515
erenhot,43.6475,111.9767,64.31,22,99,25.03,CN,1681875515
bathsheba,13.2167,-59.5167,79.41,73,40,11.5,BB,1681875515
pacific grove,36.6177,-121.9166,52.52,75,20,8.05,US,1681875225
arlit,18.7369,7.3853,81.05,8,71,9.15,NE,1681875391
peace river,56.2501,-117.286,48.51,31,75,11.5,CA,1681875515
itarema,-2.9248,-39.9167,75.74,91,97,4.5,BR,1681875516
vestmannaeyjar,63.4427,-20.2734,46.99,97,100,18.45,IS,1681875408
saskylakh,71.9167,114.0833,4.84,91,93,5.28,RU,1681875333
nome,64.5011,-165.4064,19.17,73,0,4.61,US,1681875025
namatanai,-3.6667,152.4333,85.78,63,47,6.08,PG,1681875516
san carlos de bariloche,-41.1456,-71.3082,51.55,71,40,16.11,AR,1681875516
georgetown,5.4112,100.3354,87.75,74,20,4.61,MY,1681875401
xai-xai,-25.0519,33.6442,64.87,92,0,3.56,MZ,1681875516
hobyo,5.3505,48.5268,83.68,68,98,11.18,SO,1681875462
ratnagiri,16.9833,73.3,88.12,58,0,5.55,IN,1681875517
tonantins,-2.8731,-67.8022,76.87,85,74,2.24,BR,1681875517
san cristobal,7.7669,-72.225,69.98,97,80,2.51,VE,1681875517
sobolevo,54.4299,31.8996,44.65,83,100,8.55,RU,1681875415
danville,36.586,-79.395,61.88,63,20,1.99,US,1681874893
roma,43.2128,-75.4557,37.81,83,100,6.91,US,1681875343
michigan city,41.7075,-86.895,46.26,75,29,7.18,US,1681875236
mazamari,-11.3258,-74.5308,68.36,95,18,1.72,PE,1681875518
sabha,27.0377,14.4283,62.2,40,0,11.56,LY,1681875518
anadyr,64.75,177.4833,30.7,86,40,22.37,RU,1681875410
matay,28.419,30.7792,76.28,26,14,3.15,EG,1681875518
fortuna,40.5982,-124.1573,45.93,86,100,3.0,US,1681875434
boralday,43.3578,76.8594,39.06,65,0,4.47,KZ,1681875518
ancud,-41.8697,-73.8203,54.3,95,100,4.45,CL,1681875397
alice springs,-23.7,133.8833,72.95,33,0,18.41,AU,1681875519
teguise,29.0605,-13.564,62.82,72,75,8.05,ES,1681875519
muhos,64.808,25.9931,29.77,95,82,4.05,FI,1681875519
tierralta,8.1736,-76.0592,77.38,87,100,4.56,CO,1681875519
muroto,33.2833,134.15,66.22,79,100,2.55,JP,1681875519
baoying,33.2292,119.3092,74.3,64,49,7.38,CN,1681875519
leshukonskoye,64.8989,45.7622,30.27,84,97,4.16,RU,1681875520
avera,33.194,-82.5271,58.51,51,19,5.12,US,1681875520
abu dhabi,24.4667,54.3667,77.95,65,0,2.3,AE,1681875420
makakilo city,21.3469,-158.0858,77.32,85,100,12.66,US,1681875520
komsomolskiy,40.4272,71.7189,50.72,50,40,2.3,UZ,1681875429
nanortalik,60.1432,-45.2371,32.88,90,97,2.91,GL,1681875442
teya,60.3778,92.6267,17.8,85,100,7.38,RU,1681875521
ca mau,9.1769,105.15,93.45,49,59,3.91,VN,1681875521
santa rita do sapucai,-22.2522,-45.7033,70.09,98,100,2.08,BR,1681875522
nador,35.174,-2.9287,62.85,77,75,11.5,MA,1681875522
acarau,-2.8856,-40.12,76.48,89,91,5.44,BR,1681875443
roald,62.5833,6.1333,46.33,93,96,5.75,NO,1681875522
itaituba,-4.2761,-55.9836,74.12,95,100,1.68,BR,1681875439
ashland,40.8167,-82.2665,40.96,68,2,7.23,US,1681875522
benguela,-12.5763,13.4055,80.33,77,100,3.74,AO,1681875432
dunedin,-45.8742,170.5036,55.8,86,76,1.99,NZ,1681875523
darnah,32.767,22.6367,58.78,79,15,15.01,LY,1681875523
port lincoln,-34.7333,135.8667,61.92,50,64,11.32,AU,1681875430
bonfim,3.0833,-59.95,75.61,80,100,3.4,BR,1681875523
dukat,62.55,155.55,24.49,95,100,11.39,RU,1681875523
xiaoweizhai,26.1903,107.5125,80.49,54,30,6.76,CN,1681875523
nouakchott,18.0858,-15.9785,67.93,83,8,16.26,MR,1681875523
qom,34.6401,50.8764,63.79,28,0,1.39,IR,1681875524
hovd,48.0056,91.6419,37.0,10,0,10.56,MN,1681875524
bairiki,1.3292,172.9752,86.0,74,20,9.22,KI,1681875524
myre,69.1036,15.9492,44.55,94,100,16.98,NO,1681875524
los arabos,22.7281,-80.7214,73.18,81,1,5.59,CU,1681875524
clyde river,70.4692,-68.5914,1.63,71,0,11.5,CA,1681875402
quatre cocos,-20.2078,57.7625,79.09,75,16,12.57,MU,1681875407
puerto narino,-3.7703,-70.3831,74.77,82,41,2.68,CO,1681875525
nalut,30.3333,10.85,63.95,30,4,9.71,LY,1681875525
whyalla,-33.0333,137.5833,63.45,51,28,17.09,AU,1681875525
verkhoyansk,67.5447,133.385,21.6,79,100,6.4,RU,1681875525
gorontalo,0.5412,123.0595,88.65,64,69,4.54,ID,1681875525
hammond,41.5834,-87.5,49.14,60,0,4.61,US,1681875525
glenwood springs,39.5505,-107.3248,56.21,40,0,19.57,US,1681875525
santa cruz,-17.8,-63.1667,64.47,96,100,8.5,BO,1681875286
aguimes,27.9054,-15.4461,63.66,63,20,19.57,ES,1681875526
soroti,1.7146,33.6111,63.97,96,60,4.09,UG,1681875526
pacifica,37.6138,-122.4869,51.98,73,40,11.5,US,1681875526
shubarshi,48.5872,57.1869,49.17,48,48,3.67,KZ,1681875526
cherskiy,68.75,161.3,31.33,96,100,1.74,RU,1681875410
shimoda,34.6667,138.95,75.11,70,89,19.51,JP,1681875526
kurush,41.2841,47.8345,43.61,50,17,5.55,RU,1681875527
nizwa,22.9333,57.5333,78.53,51,21,3.49,OM,1681875527
lorengau,-2.0226,147.2712,85.23,71,100,10.71,PG,1681875447
gandai,21.6667,81.1,101.28,11,24,5.28,IN,1681875527
alekseyevsk,57.8406,108.3492,26.82,45,7,8.75,RU,1681875527
chernyshevskiy,63.0128,112.4714,25.81,81,65,4.07,RU,1681875527
baisha,26.5222,110.9311,72.88,89,100,2.51,CN,1681875527
khorixas,-20.3667,14.9667,67.86,59,36,4.03,NA,1681875528
constitucion,-35.3333,-72.4167,53.04,69,35,7.45,CL,1681875399
outjo,-20.1167,16.15,61.75,67,29,5.3,NA,1681875528
bethel,41.3712,-73.414,47.01,58,100,14.97,US,1681875412
karaton,-6.3424,106.1045,89.96,57,85,1.21,ID,1681875528
castelnau-le-lez,43.6333,3.9,48.76,87,0,8.05,FR,1681875528
rio gallegos,-51.6226,-69.2181,48.25,87,75,17.27,AR,1681875529
petropavlovsk-kamchatskiy,53.0452,158.6483,39.79,65,75,13.42,RU,1681875529
belaya gora,68.5333,146.4167,19.87,79,100,5.66,RU,1681875529
hay river,60.8156,-115.7999,35.58,80,75,4.61,CA,1681875529
bainbridge,47.6262,-122.5212,44.96,81,0,11.5,US,1681875529
romny,50.751,33.4747,44.35,76,97,9.84,UA,1681875529
vardo,70.3705,31.1107,40.98,81,100,21.85,NO,1681875434
cicalengka,-6.3078,106.6164,90.68,69,44,20.0,ID,1681875530
martin,27.0837,-80.4164,74.91,75,16,6.13,US,1681875530
dongzhen,22.3797,110.9389,89.62,59,54,9.35,CN,1681875530
samarai,-10.6167,150.6667,81.79,73,33,8.05,PG,1681875418
elizabeth city,36.2946,-76.2511,64.42,57,0,8.05,US,1681875347
lichuan,30.3,108.85,74.75,58,53,3.47,CN,1681875531
cabo san lucas,22.8909,-109.9124,76.3,67,20,1.01,MX,1681875347
sayan,-11.1361,-77.1933,70.45,92,100,3.31,PE,1681875531
prainha,-1.8,-53.48,72.54,98,100,1.86,BR,1681875531
praia da vitoria,38.7333,-27.0667,57.45,82,40,14.79,PT,1681875442
west bay,19.3667,-81.4167,80.67,83,40,6.91,KY,1681875531
lorrach,47.615,7.6646,50.49,87,75,0.0,DE,1681875531
mulchen,-37.7167,-72.2333,54.34,73,100,2.08,CL,1681875532
kuldur,49.2167,131.6333,47.57,28,62,9.66,RU,1681875532
shar,49.5886,81.0453,36.34,82,100,11.74,KZ,1681875532
katherine,-14.4667,132.2667,88.12,40,0,12.66,AU,1681875532
uige,-7.6087,15.0613,65.48,92,63,3.96,AO,1681875532
jardim,-21.4803,-56.1381,67.33,98,85,3.06,BR,1681875444
bergen,60.392,5.328,47.16,65,0,3.44,NO,1681875298
mishkino,55.3389,63.9175,38.41,46,3,5.93,RU,1681875533
camacupa,-12.0167,17.4833,58.75,97,86,3.76,AO,1681875534
tupik,54.4253,119.9327,30.52,79,100,6.42,RU,1681875534
churachandpur,24.3333,93.6667,90.61,23,0,7.63,IN,1681875534
am timan,11.0297,20.2827,85.15,33,70,6.58,TD,1681875534
mount gambier,-37.8333,140.7667,58.3,58,72,9.75,AU,1681875404
chebarkul,54.9749,60.3633,39.56,75,100,5.14,RU,1681875534
ribeira brava,32.65,-17.0667,63.72,75,12,6.22,PT,1681875535
balangir,20.7167,83.4833,102.58,12,28,4.88,IN,1681875535
san ignacio,17.1561,-89.0714,78.94,83,0,4.61,BZ,1681875535
boende,-0.2167,20.8667,68.18,93,91,2.84,CD,1681875535
belmonte,-15.8631,-38.8828,78.98,90,26,10.4,BR,1681875535
gloversville,43.0528,-74.3438,38.41,82,100,10.36,US,1681875455
aksu,41.1231,80.2644,59.77,15,100,20.09,CN,1681875425
durban,-29.8579,31.0292,50.92,36,0,5.88,ZA,1681875536
weligama,5.9667,80.4167,86.61,66,60,6.17,LK,1681875432
benxi,41.2886,123.765,73.72,12,7,11.65,CN,1681875536
isangel,-19.55,169.2667,86.11,79,75,10.36,VU,1681875358
fukue,32.6881,128.8419,68.36,94,75,10.36,JP,1681875537
comodoro rivadavia,-45.8667,-67.5,53.46,54,0,4.61,AR,1681875537
krasnoselkup,65.7,82.4667,14.09,85,12,10.13,RU,1681875449
ust-kuyga,70.0167,135.6,11.5,82,100,6.67,RU,1681875537
houma,29.5958,-90.7195,66.2,83,0,6.91,US,1681875537
lyuban,52.7985,28.0048,45.64,79,100,6.8,BY,1681875537
jishou,28.3167,109.7167,73.2,86,100,0.45,CN,1681875538
bundaberg,-24.85,152.35,85.21,58,0,3.0,AU,1681875538
lokosovo,61.1333,74.8167,21.45,81,100,10.02,RU,1681875538
bako,5.7833,36.5667,61.7,91,73,3.24,ET,1681875538
evanston,42.0411,-87.6901,48.31,67,0,5.01,US,1681875537
rawson,-43.3002,-65.1023,55.63,64,94,15.37,AR,1681875538
arroyo,41.6096,-4.7969,44.15,73,0,6.91,ES,1681875538
noyabrsk,63.1994,75.4507,20.82,82,100,15.05,RU,1681875539
omsukchan,62.5333,155.8,26.64,95,100,10.96,RU,1681875397
piranshahr,36.701,45.1413,57.49,45,0,2.24,IR,1681875539
agua de dios,4.3765,-74.67,74.46,87,99,1.19,CO,1681875539
gannan,47.9147,123.5031,54.45,25,100,12.62,CN,1681875539
manzanillo,20.3433,-77.1167,75.43,81,30,5.64,CU,1681875539
san andres,12.5847,-81.7006,80.62,74,40,8.05,CO,1681875539
bandarbeyla,9.4942,50.8122,81.79,69,4,6.98,SO,1681875436
lantana,26.5867,-80.052,75.22,70,0,6.91,US,1681875540
youkounkoun,12.5333,-13.1333,81.36,55,96,6.55,GN,1681875540
nantucket,41.2835,-70.0995,52.0,72,62,14.9,US,1681875540
meulaboh,4.1363,96.1285,83.55,73,100,1.3,ID,1681875540
springbok,-29.6643,17.8865,65.52,30,12,3.85,ZA,1681875540
saint-augustin,51.226,-58.6502,33.76,90,100,19.1,CA,1681875461
manjacaze,-24.7117,33.8828,62.64,95,20,3.15,MZ,1681875541
xuddur,4.1213,43.8894,75.92,80,66,8.19,SO,1681875541
puerto escondido,15.85,-97.0667,83.23,69,40,11.5,MX,1681875430
kilinochchi,9.3961,80.3982,89.92,49,20,5.01,LK,1681875541
oga,46.4631,10.347,36.68,94,34,2.86,IT,1681875541
lazaro cardenas,17.9583,-102.2,75.76,83,39,4.41,MX,1681875542
ngawen,-7.0032,111.3129,85.41,68,62,5.03,ID,1681875542
mangan,27.5167,88.5333,85.5,26,1,5.41,IN,1681875542
berbera,10.4396,45.0143,82.42,78,27,3.78,SO,1681875542
the valley,18.217,-63.0578,78.66,73,0,16.69,AI,1681875423
norman wells,65.282,-126.8329,17.64,73,75,6.91,CA,1681875398
cam ranh,11.9214,109.1591,91.36,49,0,9.22,VN,1681875543
nizhnekamsk,55.6366,51.8245,50.79,39,20,2.24,RU,1681875519
baghmara,23.795,86.2085,102.79,9,0,8.1,IN,1681875543
palizada,18.25,-92.0833,78.13,76,21,7.94,MX,1681875543
shivrajpur,22.4167,73.65,85.96,28,15,7.05,IN,1681875543
koudougou,12.25,-2.3667,86.31,13,79,5.19,BF,1681875543
bitlis,38.5,42.25,49.95,63,77,4.83,TR,1681875544
salinopolis,-0.6136,-47.3561,76.39,89,100,5.32,BR,1681875379
yar-sale,66.8333,70.8333,10.54,94,69,2.98,RU,1681875405
karratha,-20.7377,116.8463,86.07,24,49,20.94,AU,1681875544
narsaq,60.9167,-46.05,34.02,88,52,2.48,GL,1681875544
thinadhoo,0.5333,72.9333,83.46,70,78,3.22,MV,1681875335
oxbow,49.2333,-102.1676,31.64,94,100,19.89,CA,1681875544
ambon,-3.6954,128.1814,87.94,74,40,6.91,ID,1681875544
natal,-5.795,-35.2094,77.22,94,20,2.3,BR,1681875458
te anau,-45.4167,167.7167,58.57,64,0,1.45,NZ,1681875545
balikpapan,-1.2675,116.8289,85.19,74,23,2.3,ID,1681875545
karpogory,64.0019,44.4451,31.24,78,100,2.71,RU,1681875545
cayenne,4.9333,-52.3333,75.24,94,100,1.14,GF,1681875452
marystown,47.1666,-55.1483,37.85,100,100,8.01,CA,1681875545
san patricio,28.017,-97.5169,75.83,86,100,13.71,US,1681875545
beringovskiy,63.05,179.3167,30.69,86,100,12.86,RU,1681875546
edd,13.9297,41.6925,86.02,60,48,13.22,ER,1681875546
that phanom,16.9364,104.7104,93.22,30,0,10.25,TH,1681875546
lokot,52.565,34.5776,45.14,66,100,10.02,RU,1681875546
ilabaya,-17.4208,-70.5133,64.89,76,98,0.74,PE,1681875546
palu,-0.8917,119.8707,88.61,67,99,3.91,ID,1681875547
hailar,49.2,119.7,49.14,20,100,12.97,CN,1681875547
tura,25.5198,90.2201,92.64,39,0,8.19,IN,1681875545
de aar,-30.6497,24.0123,59.77,32,0,5.61,ZA,1681875547
foz,43.5692,-7.2544,49.42,92,62,5.01,ES,1681875547
waldoboro,44.0954,-69.3756,41.38,94,59,3.96,US,1681875548
kismayo,-0.3582,42.5454,79.32,85,100,6.55,SO,1681875449
linxia,35.6003,103.2064,76.35,23,0,11.25,CN,1681875548
ambilobe,-13.2,49.05,74.66,88,8,3.13,MG,1681875548
xinzhi,36.4989,111.7047,82.36,27,0,10.33,CN,1681875548
harper,4.375,-7.7169,79.54,84,100,3.51,LR,1681875548
ketchikan,55.3422,-131.6461,46.87,61,0,16.11,US,1681875412
katangli,51.7102,143.2326,43.63,76,47,10.04,RU,1681875548
saint-joseph,-21.3667,55.6167,77.47,76,11,9.62,RE,1681875549
toora-khem,52.4675,96.11,26.65,49,78,18.39,RU,1681875407
uporovo,56.3109,66.2693,34.56,41,1,5.32,RU,1681875549
voyinka,45.8699,33.9914,49.8,96,100,8.3,UA,1681875549
nago,26.5881,127.9761,75.63,92,100,19.71,JP,1681875549
srednekolymsk,67.45,153.6833,26.76,80,100,6.42,RU,1681875549
flagstaff,35.1981,-111.6513,51.46,34,0,14.97,US,1681875444
xianyang,34.3378,108.7026,76.24,50,0,8.95,CN,1681875549
makokou,0.5738,12.8642,69.48,98,92,2.8,GA,1681875550
lipin bor,60.2622,37.9763,31.62,95,68,9.73,RU,1681875550
yucca valley,34.1142,-116.4322,61.03,51,87,4.0,US,1681875550
podgornoye,51.735,39.1496,43.02,52,0,6.71,RU,1681875550
udachnyy,66.4167,112.4,21.56,80,58,11.03,RU,1681875550
mackay,-21.15,149.2,87.67,66,3,13.47,AU,1681875442
mana,5.6592,-53.7767,75.97,88,95,2.55,GF,1681875551
pekan,3.4836,103.3996,89.71,72,71,4.07,MY,1681875551
kolokani,13.5728,-8.0339,82.02,18,84,5.53,ML,1681875551
cuiluan,47.72,128.648,55.09,24,32,2.33,CN,1681875551
saint anthony,45.0205,-93.218,49.93,46,0,11.5,US,1681875551
saint-francois,46.4154,3.9054,38.64,93,13,1.14,FR,1681875551
esso,55.9333,158.7,34.52,93,96,5.91,RU,1681875551
ewa beach,21.3156,-158.0072,78.75,85,100,12.66,US,1681875552
kodinsk,58.6881,99.1844,21.85,57,100,8.81,RU,1681875552
hastings,50.8552,0.5729,49.91,41,96,19.37,GB,1681875552
salalah,17.0151,54.0924,80.69,74,20,3.44,OM,1681875325
asyut,27.181,31.1837,75.38,14,16,6.38,EG,1681875293
montepuez,-13.1256,38.9997,64.81,96,85,6.49,MZ,1681875552
loikaw,19.6742,97.2094,97.83,23,0,1.01,MM,1681875553
kashi,39.4547,75.9797,61.81,6,75,13.42,CN,1681875553
krasnoarmeysk,51.0239,45.6969,46.29,49,100,7.0,RU,1681875553
camacha,33.0833,-16.3333,60.22,72,40,14.97,PT,1681875553
severnyy,50.677,36.5532,44.64,60,0,8.99,RU,1681875553
yeniseysk,58.4497,92.1703,18.75,55,43,9.22,RU,1681875554
abatskoye,56.2875,70.4555,31.84,41,0,5.97,RU,1681875554
vostochnyy,55.8167,37.8667,46.67,53,17,8.14,RU,1681875554
bow island,49.8668,-111.3684,42.98,75,23,10.36,CA,1681875554
muli,2.9167,73.5667,83.7,71,95,2.53,MV,1681875554
khorramshahr,30.4397,48.1664,69.76,56,4,2.3,IR,1681875554
el alto,-4.2714,-81.2147,77.07,79,68,6.51,PE,1681875555
milkovo,54.7167,158.6167,37.13,97,100,1.74,RU,1681875555
marsala,37.7966,12.4352,49.95,93,20,4.61,IT,1681875555
birnin kebbi,12.4539,4.1975,84.51,50,77,13.51,NG,1681875555
buenos aires,-34.6132,-58.3772,55.13,68,0,3.44,AR,1681875531
black river,18.0264,-77.8487,75.92,83,5,2.82,JM,1681875543
fallon,39.4735,-118.7774,44.47,39,75,12.66,US,1681875555
richards bay,-28.783,32.0377,63.01,77,0,8.16,ZA,1681875409
zyryanka,65.75,150.85,27.34,78,99,12.06,RU,1681875556
garissa,-0.4536,39.6401,77.2,79,84,13.11,KE,1681875556
julio de castilhos,-29.2269,-53.6817,48.25,63,11,7.02,BR,1681875556
merauke,-8.4667,140.3333,82.87,74,93,10.8,ID,1681875556
sovetskiy,61.3614,63.5842,27.72,84,81,5.57,RU,1681875556
banjar,-8.19,114.9675,88.97,60,10,3.02,ID,1681875556
vysotskoye,45.025,42.9064,43.18,85,90,10.31,RU,1681875557
ambovombe,-25.1667,46.0833,71.29,84,1,8.79,MG,1681875557
bernay,49.1667,0.6667,49.68,85,80,10.76,FR,1681875557
ucluelet,48.9329,-125.5528,40.08,92,100,1.01,CA,1681875557
sola,-13.8833,167.55,79.47,94,75,3.44,VU,1681875456
port hardy,50.6996,-127.4199,44.78,76,100,6.91,CA,1681875398
borinskoye,52.4569,39.3713,45.55,60,100,8.08,RU,1681875558
gombong,-7.6072,109.5142,87.89,61,58,5.93,ID,1681875558
aransas pass,27.9095,-97.15,75.97,100,40,12.66,US,1681875558
bauchi,10.5,10.0,79.47,42,20,1.05,NG,1681875558
rio grande,-32.035,-52.0986,55.29,57,27,13.13,BR,1681875559
nyurba,63.2842,118.3319,28.69,77,59,7.43,RU,1681875559
auki,-8.7676,160.7034,84.04,65,37,5.73,SB,1681875424
borovskoy,53.8,64.15,41.05,51,69,10.47,KZ,1681875559
nagato,34.3833,131.2,67.78,83,100,4.74,JP,1681875559
changji,44.0167,87.3167,41.79,65,20,2.24,CN,1681875559
dingzhou,38.5131,114.9956,71.71,28,6,7.25,CN,1681875559
gallup,35.5281,-108.7426,57.04,18,0,19.57,US,1681875560
luganville,-15.5333,167.1667,81.79,78,87,3.69,VU,1681875560
pleven,43.4167,24.6167,48.15,100,100,2.3,BG,1681875560
olinda,-8.0089,-34.8553,78.53,89,40,4.61,BR,1681875560
mabaruma,8.2,-59.7833,71.71,97,100,2.39,GY,1681875560
cordeiro,-22.0286,-42.3608,70.65,89,95,1.92,BR,1681875560
yulara,-25.2406,130.9889,74.16,31,0,19.84,AU,1681875403
ilhabela,-23.7781,-45.3581,74.07,94,100,5.48,BR,1681875561
manokwari,-0.8667,134.0833,82.56,76,25,3.38,ID,1681875561
borovoy,55.4333,86.0833,16.88,53,0,8.95,RU,1681875561
pombas,17.1503,-25.0201,69.58,75,61,11.88,CV,1681875561
segovia,41.1667,-4.0,50.11,70,73,7.4,ES,1681875561
bushehr,28.9684,50.8385,64.49,88,100,0.0,IR,1681875561
wellington,-41.2866,174.7756,61.07,97,100,11.5,NZ,1681875562
spearfish,44.4908,-103.8594,44.28,80,20,5.75,US,1681875562
pringsewu,-5.3582,104.9744,89.73,56,58,2.98,ID,1681875562
los llanos de aridane,28.6585,-17.9182,60.55,81,75,5.75,ES,1681875422
kitimat,54.0524,-128.6534,41.38,52,100,2.15,CA,1681875562
isiro,2.7739,27.616,64.29,99,95,2.55,CD,1681875458
pio xii,-3.8325,-45.1525,73.65,98,99,2.89,BR,1681875562
najran,17.4924,44.1277,66.85,47,3,5.17,SA,1681875343
san rafael,-34.6177,-68.3301,60.31,26,66,8.37,AR,1681875563
banting,2.8167,101.5,88.74,61,99,3.89,MY,1681875563
tiarei,-17.5333,-149.3333,86.0,76,73,15.84,PF,1681875399
abu samrah,35.3029,37.1841,67.39,46,71,3.4,SY,1681875563
tyukhtet,56.5389,89.3011,22.44,68,100,10.74,RU,1681875563
bogorodskoye,56.55,37.8833,42.37,69,36,5.88,RU,1681875564
nhulunbuy,-12.2333,136.7667,84.47,67,100,9.8,AU,1681875564
svetlogorsk,52.6333,29.7333,46.65,67,100,8.81,BY,1681875419
algiers,36.7525,3.042,46.22,93,0,2.3,DZ,1681875564
northam,51.0333,-4.2167,47.39,85,10,14.47,GB,1681875564
guadalajara,20.6667,-103.3333,74.97,33,40,6.91,MX,1681875564
uray,60.1247,64.7758,30.54,55,24,3.69,RU,1681875564
laguna,38.421,-121.4238,57.18,43,0,10.36,US,1681875336
birjand,32.8663,59.2211,48.67,34,0,4.61,IR,1681875565
banamba,13.55,-7.45,79.32,19,77,4.68,ML,1681875565
bandar,2.05,99.75,86.97,71,43,2.06,ID,1681875565
segou,13.4317,-6.2157,85.44,13,93,8.28,ML,1681875565
kommunar,59.6206,30.39,36.93,89,83,10.09,RU,1681875565
challapata,-18.9,-66.7667,43.36,29,39,1.28,BO,1681875566
